{
 "cells": [
  {
   "cell_type": "code",
   "execution_count": null,
   "metadata": {},
   "outputs": [],
   "source": [
    "# This code is to split the dataset in to test and train data, and then\n",
    "# run a random forest algorithm to predice the price of food. \n",
    "\n",
    "\n",
    "# Initial tests show that increasing number of trees reaches a min MSE \n",
    "# at around 40 trees. \n",
    "\n",
    "# Initial testing also showed the split between test and train at 20% \n",
    "# test data has given a lower MSE (mean squared error)"
   ]
  },
  {
   "cell_type": "code",
   "execution_count": 79,
   "metadata": {},
   "outputs": [],
   "source": [
    "import pandas as pd\n",
    "import matplotlib.pyplot as plt\n",
    "import numpy as np"
   ]
  },
  {
   "cell_type": "code",
   "execution_count": 65,
   "metadata": {},
   "outputs": [
    {
     "data": {
      "text/html": [
       "<div>\n",
       "<style scoped>\n",
       "    .dataframe tbody tr th:only-of-type {\n",
       "        vertical-align: middle;\n",
       "    }\n",
       "\n",
       "    .dataframe tbody tr th {\n",
       "        vertical-align: top;\n",
       "    }\n",
       "\n",
       "    .dataframe thead th {\n",
       "        text-align: right;\n",
       "    }\n",
       "</style>\n",
       "<table border=\"1\" class=\"dataframe\">\n",
       "  <thead>\n",
       "    <tr style=\"text-align: right;\">\n",
       "      <th></th>\n",
       "      <th>name</th>\n",
       "      <th>Price (£)</th>\n",
       "      <th>Weight (GRAMS)</th>\n",
       "      <th>Price per Weight (£/100Gram)</th>\n",
       "      <th>Carbon Group</th>\n",
       "      <th>Land use (m2/100g)</th>\n",
       "      <th>GHG(kgco2eq/100g)</th>\n",
       "      <th>Water use (L/100g)</th>\n",
       "      <th>Acidifying emissions(kgSO2eq/100g)</th>\n",
       "      <th>Eutr emissions  (kg PO43-eq per 100g)</th>\n",
       "      <th>Calories</th>\n",
       "      <th>Fat (g)</th>\n",
       "      <th>Protein (g)</th>\n",
       "      <th>Carbohydrate (g)</th>\n",
       "      <th>Sugars (g)</th>\n",
       "      <th>Fiber (g)</th>\n",
       "      <th>Cholesterol (mg)</th>\n",
       "      <th>Saturated Fats (g)</th>\n",
       "    </tr>\n",
       "  </thead>\n",
       "  <tbody>\n",
       "    <tr>\n",
       "      <th>0</th>\n",
       "      <td>Pillsbury Cinnamon Rolls With Icing Refrigerat...</td>\n",
       "      <td>1.70</td>\n",
       "      <td>260.0</td>\n",
       "      <td>0.653846</td>\n",
       "      <td>Bread products</td>\n",
       "      <td>0.3482</td>\n",
       "      <td>0.1441</td>\n",
       "      <td>56.7</td>\n",
       "      <td>0.001209</td>\n",
       "      <td>0.000706</td>\n",
       "      <td>330</td>\n",
       "      <td>11.27</td>\n",
       "      <td>4.34</td>\n",
       "      <td>53.42</td>\n",
       "      <td>21.34</td>\n",
       "      <td>1.4</td>\n",
       "      <td>0.0</td>\n",
       "      <td>3.250</td>\n",
       "    </tr>\n",
       "    <tr>\n",
       "      <th>1</th>\n",
       "      <td>Waffles Buttermilk Frozen Ready-To-Heat</td>\n",
       "      <td>1.50</td>\n",
       "      <td>567.0</td>\n",
       "      <td>0.264550</td>\n",
       "      <td>Bread products</td>\n",
       "      <td>0.3482</td>\n",
       "      <td>0.1441</td>\n",
       "      <td>56.7</td>\n",
       "      <td>0.001209</td>\n",
       "      <td>0.000706</td>\n",
       "      <td>273</td>\n",
       "      <td>9.22</td>\n",
       "      <td>6.58</td>\n",
       "      <td>41.05</td>\n",
       "      <td>4.30</td>\n",
       "      <td>2.2</td>\n",
       "      <td>15.0</td>\n",
       "      <td>1.898</td>\n",
       "    </tr>\n",
       "    <tr>\n",
       "      <th>2</th>\n",
       "      <td>Waffle Buttermilk Frozen Ready-To-Heat Toasted</td>\n",
       "      <td>1.50</td>\n",
       "      <td>567.0</td>\n",
       "      <td>0.264550</td>\n",
       "      <td>Bread products</td>\n",
       "      <td>0.3482</td>\n",
       "      <td>0.1441</td>\n",
       "      <td>56.7</td>\n",
       "      <td>0.001209</td>\n",
       "      <td>0.000706</td>\n",
       "      <td>309</td>\n",
       "      <td>9.49</td>\n",
       "      <td>7.42</td>\n",
       "      <td>48.39</td>\n",
       "      <td>4.41</td>\n",
       "      <td>2.6</td>\n",
       "      <td>13.0</td>\n",
       "      <td>2.275</td>\n",
       "    </tr>\n",
       "    <tr>\n",
       "      <th>3</th>\n",
       "      <td>Waffle Buttermilk Frozen Ready-To-Heat Microwaved</td>\n",
       "      <td>1.50</td>\n",
       "      <td>567.0</td>\n",
       "      <td>0.264550</td>\n",
       "      <td>Bread products</td>\n",
       "      <td>0.3482</td>\n",
       "      <td>0.1441</td>\n",
       "      <td>56.7</td>\n",
       "      <td>0.001209</td>\n",
       "      <td>0.000706</td>\n",
       "      <td>289</td>\n",
       "      <td>9.40</td>\n",
       "      <td>6.92</td>\n",
       "      <td>44.16</td>\n",
       "      <td>4.50</td>\n",
       "      <td>2.4</td>\n",
       "      <td>16.0</td>\n",
       "      <td>2.057</td>\n",
       "    </tr>\n",
       "    <tr>\n",
       "      <th>4</th>\n",
       "      <td>Waffle Plain Frozen Ready-To-Heat Microwave</td>\n",
       "      <td>1.50</td>\n",
       "      <td>567.0</td>\n",
       "      <td>0.264550</td>\n",
       "      <td>Bread products</td>\n",
       "      <td>0.3482</td>\n",
       "      <td>0.1441</td>\n",
       "      <td>56.7</td>\n",
       "      <td>0.001209</td>\n",
       "      <td>0.000706</td>\n",
       "      <td>298</td>\n",
       "      <td>9.91</td>\n",
       "      <td>6.71</td>\n",
       "      <td>45.41</td>\n",
       "      <td>5.04</td>\n",
       "      <td>2.4</td>\n",
       "      <td>16.0</td>\n",
       "      <td>1.580</td>\n",
       "    </tr>\n",
       "    <tr>\n",
       "      <th>...</th>\n",
       "      <td>...</td>\n",
       "      <td>...</td>\n",
       "      <td>...</td>\n",
       "      <td>...</td>\n",
       "      <td>...</td>\n",
       "      <td>...</td>\n",
       "      <td>...</td>\n",
       "      <td>...</td>\n",
       "      <td>...</td>\n",
       "      <td>...</td>\n",
       "      <td>...</td>\n",
       "      <td>...</td>\n",
       "      <td>...</td>\n",
       "      <td>...</td>\n",
       "      <td>...</td>\n",
       "      <td>...</td>\n",
       "      <td>...</td>\n",
       "      <td>...</td>\n",
       "    </tr>\n",
       "    <tr>\n",
       "      <th>1218</th>\n",
       "      <td>Plantain Fried</td>\n",
       "      <td>0.90</td>\n",
       "      <td>85.0</td>\n",
       "      <td>1.058824</td>\n",
       "      <td>Other vegetables</td>\n",
       "      <td>0.0310</td>\n",
       "      <td>0.0455</td>\n",
       "      <td>8.3</td>\n",
       "      <td>0.000531</td>\n",
       "      <td>0.000186</td>\n",
       "      <td>241</td>\n",
       "      <td>10.16</td>\n",
       "      <td>1.66</td>\n",
       "      <td>40.60</td>\n",
       "      <td>19.10</td>\n",
       "      <td>2.9</td>\n",
       "      <td>0.0</td>\n",
       "      <td>1.507</td>\n",
       "    </tr>\n",
       "    <tr>\n",
       "      <th>1219</th>\n",
       "      <td>Romaine Lettuce Raw</td>\n",
       "      <td>1.00</td>\n",
       "      <td>400.0</td>\n",
       "      <td>0.250000</td>\n",
       "      <td>Other vegetables</td>\n",
       "      <td>0.0310</td>\n",
       "      <td>0.0455</td>\n",
       "      <td>8.3</td>\n",
       "      <td>0.000531</td>\n",
       "      <td>0.000186</td>\n",
       "      <td>19</td>\n",
       "      <td>0.27</td>\n",
       "      <td>1.39</td>\n",
       "      <td>3.78</td>\n",
       "      <td>0.71</td>\n",
       "      <td>3.1</td>\n",
       "      <td>0.0</td>\n",
       "      <td>0.053</td>\n",
       "    </tr>\n",
       "    <tr>\n",
       "      <th>1220</th>\n",
       "      <td>Palak Paneer</td>\n",
       "      <td>3.75</td>\n",
       "      <td>500.0</td>\n",
       "      <td>0.750000</td>\n",
       "      <td>Cheese</td>\n",
       "      <td>8.0642</td>\n",
       "      <td>2.1240</td>\n",
       "      <td>473.5</td>\n",
       "      <td>0.014894</td>\n",
       "      <td>0.008875</td>\n",
       "      <td>96</td>\n",
       "      <td>6.84</td>\n",
       "      <td>5.23</td>\n",
       "      <td>4.32</td>\n",
       "      <td>1.89</td>\n",
       "      <td>1.2</td>\n",
       "      <td>7.0</td>\n",
       "      <td>1.486</td>\n",
       "    </tr>\n",
       "    <tr>\n",
       "      <th>1221</th>\n",
       "      <td>Carrots Raw Salad</td>\n",
       "      <td>0.41</td>\n",
       "      <td>1000.0</td>\n",
       "      <td>0.041000</td>\n",
       "      <td>Other vegetables</td>\n",
       "      <td>0.0310</td>\n",
       "      <td>0.0455</td>\n",
       "      <td>8.3</td>\n",
       "      <td>0.000531</td>\n",
       "      <td>0.000186</td>\n",
       "      <td>208</td>\n",
       "      <td>15.70</td>\n",
       "      <td>1.22</td>\n",
       "      <td>17.17</td>\n",
       "      <td>11.23</td>\n",
       "      <td>2.3</td>\n",
       "      <td>9.0</td>\n",
       "      <td>2.452</td>\n",
       "    </tr>\n",
       "    <tr>\n",
       "      <th>1222</th>\n",
       "      <td>Corn on the cob</td>\n",
       "      <td>1.50</td>\n",
       "      <td>875.0</td>\n",
       "      <td>0.171429</td>\n",
       "      <td>Other vegetables</td>\n",
       "      <td>0.0310</td>\n",
       "      <td>0.0455</td>\n",
       "      <td>8.3</td>\n",
       "      <td>0.000531</td>\n",
       "      <td>0.000186</td>\n",
       "      <td>67</td>\n",
       "      <td>1.22</td>\n",
       "      <td>2.28</td>\n",
       "      <td>14.30</td>\n",
       "      <td>4.43</td>\n",
       "      <td>2.0</td>\n",
       "      <td>0.0</td>\n",
       "      <td>0.244</td>\n",
       "    </tr>\n",
       "  </tbody>\n",
       "</table>\n",
       "<p>1223 rows × 18 columns</p>\n",
       "</div>"
      ],
      "text/plain": [
       "                                                   name  Price (£)  \\\n",
       "0     Pillsbury Cinnamon Rolls With Icing Refrigerat...       1.70   \n",
       "1               Waffles Buttermilk Frozen Ready-To-Heat       1.50   \n",
       "2        Waffle Buttermilk Frozen Ready-To-Heat Toasted       1.50   \n",
       "3     Waffle Buttermilk Frozen Ready-To-Heat Microwaved       1.50   \n",
       "4           Waffle Plain Frozen Ready-To-Heat Microwave       1.50   \n",
       "...                                                 ...        ...   \n",
       "1218                                    Plantain Fried        0.90   \n",
       "1219                                Romaine Lettuce Raw       1.00   \n",
       "1220                                       Palak Paneer       3.75   \n",
       "1221                                  Carrots Raw Salad       0.41   \n",
       "1222                                   Corn on the cob        1.50   \n",
       "\n",
       "      Weight (GRAMS)  Price per Weight (£/100Gram)       Carbon Group  \\\n",
       "0              260.0                      0.653846    Bread products    \n",
       "1              567.0                      0.264550    Bread products    \n",
       "2              567.0                      0.264550    Bread products    \n",
       "3              567.0                      0.264550    Bread products    \n",
       "4              567.0                      0.264550    Bread products    \n",
       "...              ...                           ...                ...   \n",
       "1218            85.0                      1.058824  Other vegetables    \n",
       "1219           400.0                      0.250000  Other vegetables    \n",
       "1220           500.0                      0.750000            Cheese    \n",
       "1221          1000.0                      0.041000  Other vegetables    \n",
       "1222           875.0                      0.171429  Other vegetables    \n",
       "\n",
       "      Land use (m2/100g)  GHG(kgco2eq/100g)  Water use (L/100g)  \\\n",
       "0                 0.3482             0.1441                56.7   \n",
       "1                 0.3482             0.1441                56.7   \n",
       "2                 0.3482             0.1441                56.7   \n",
       "3                 0.3482             0.1441                56.7   \n",
       "4                 0.3482             0.1441                56.7   \n",
       "...                  ...                ...                 ...   \n",
       "1218              0.0310             0.0455                 8.3   \n",
       "1219              0.0310             0.0455                 8.3   \n",
       "1220              8.0642             2.1240               473.5   \n",
       "1221              0.0310             0.0455                 8.3   \n",
       "1222              0.0310             0.0455                 8.3   \n",
       "\n",
       "      Acidifying emissions(kgSO2eq/100g)  \\\n",
       "0                               0.001209   \n",
       "1                               0.001209   \n",
       "2                               0.001209   \n",
       "3                               0.001209   \n",
       "4                               0.001209   \n",
       "...                                  ...   \n",
       "1218                            0.000531   \n",
       "1219                            0.000531   \n",
       "1220                            0.014894   \n",
       "1221                            0.000531   \n",
       "1222                            0.000531   \n",
       "\n",
       "      Eutr emissions  (kg PO43-eq per 100g)  Calories  Fat (g)  Protein (g)  \\\n",
       "0                                  0.000706       330    11.27         4.34   \n",
       "1                                  0.000706       273     9.22         6.58   \n",
       "2                                  0.000706       309     9.49         7.42   \n",
       "3                                  0.000706       289     9.40         6.92   \n",
       "4                                  0.000706       298     9.91         6.71   \n",
       "...                                     ...       ...      ...          ...   \n",
       "1218                               0.000186       241    10.16         1.66   \n",
       "1219                               0.000186        19     0.27         1.39   \n",
       "1220                               0.008875        96     6.84         5.23   \n",
       "1221                               0.000186       208    15.70         1.22   \n",
       "1222                               0.000186        67     1.22         2.28   \n",
       "\n",
       "      Carbohydrate (g)  Sugars (g)  Fiber (g)  Cholesterol (mg)  \\\n",
       "0                53.42       21.34        1.4               0.0   \n",
       "1                41.05        4.30        2.2              15.0   \n",
       "2                48.39        4.41        2.6              13.0   \n",
       "3                44.16        4.50        2.4              16.0   \n",
       "4                45.41        5.04        2.4              16.0   \n",
       "...                ...         ...        ...               ...   \n",
       "1218             40.60       19.10        2.9               0.0   \n",
       "1219              3.78        0.71        3.1               0.0   \n",
       "1220              4.32        1.89        1.2               7.0   \n",
       "1221             17.17       11.23        2.3               9.0   \n",
       "1222             14.30        4.43        2.0               0.0   \n",
       "\n",
       "      Saturated Fats (g)  \n",
       "0                  3.250  \n",
       "1                  1.898  \n",
       "2                  2.275  \n",
       "3                  2.057  \n",
       "4                  1.580  \n",
       "...                  ...  \n",
       "1218               1.507  \n",
       "1219               0.053  \n",
       "1220               1.486  \n",
       "1221               2.452  \n",
       "1222               0.244  \n",
       "\n",
       "[1223 rows x 18 columns]"
      ]
     },
     "execution_count": 65,
     "metadata": {},
     "output_type": "execute_result"
    }
   ],
   "source": [
    "nutrition = pd.read_pickle(\"./nutrition_data_clean.pkl\")\n",
    "nutrition.drop(nutrition.columns[1:3], axis=1, inplace=True) \n",
    "# removing the brand, and food type columns for data cleaning. \n",
    "nutrition"
   ]
  },
  {
   "cell_type": "code",
   "execution_count": 66,
   "metadata": {},
   "outputs": [
    {
     "data": {
      "text/html": [
       "<div>\n",
       "<style scoped>\n",
       "    .dataframe tbody tr th:only-of-type {\n",
       "        vertical-align: middle;\n",
       "    }\n",
       "\n",
       "    .dataframe tbody tr th {\n",
       "        vertical-align: top;\n",
       "    }\n",
       "\n",
       "    .dataframe thead th {\n",
       "        text-align: right;\n",
       "    }\n",
       "</style>\n",
       "<table border=\"1\" class=\"dataframe\">\n",
       "  <thead>\n",
       "    <tr style=\"text-align: right;\">\n",
       "      <th></th>\n",
       "      <th>name</th>\n",
       "      <th>Price (£)</th>\n",
       "      <th>Weight (GRAMS)</th>\n",
       "      <th>Price per Weight (£/100Gram)</th>\n",
       "      <th>Carbon Group</th>\n",
       "      <th>Land use (m2/100g)</th>\n",
       "      <th>GHG(kgco2eq/100g)</th>\n",
       "      <th>Water use (L/100g)</th>\n",
       "      <th>Acidifying emissions(kgSO2eq/100g)</th>\n",
       "      <th>Eutr emissions  (kg PO43-eq per 100g)</th>\n",
       "      <th>Calories</th>\n",
       "      <th>Fat (g)</th>\n",
       "      <th>Protein (g)</th>\n",
       "      <th>Carbohydrate (g)</th>\n",
       "      <th>Sugars (g)</th>\n",
       "      <th>Fiber (g)</th>\n",
       "      <th>Cholesterol (mg)</th>\n",
       "      <th>Saturated Fats (g)</th>\n",
       "    </tr>\n",
       "  </thead>\n",
       "  <tbody>\n",
       "    <tr>\n",
       "      <th>0</th>\n",
       "      <td>Pillsbury Cinnamon Rolls With Icing Refrigerat...</td>\n",
       "      <td>1.70</td>\n",
       "      <td>260.0</td>\n",
       "      <td>0.653846</td>\n",
       "      <td>Bread products</td>\n",
       "      <td>0.3482</td>\n",
       "      <td>0.1441</td>\n",
       "      <td>56.7</td>\n",
       "      <td>0.001209</td>\n",
       "      <td>0.000706</td>\n",
       "      <td>330</td>\n",
       "      <td>11.27</td>\n",
       "      <td>4.34</td>\n",
       "      <td>53.42</td>\n",
       "      <td>21.34</td>\n",
       "      <td>1.4</td>\n",
       "      <td>0.0</td>\n",
       "      <td>3.250</td>\n",
       "    </tr>\n",
       "    <tr>\n",
       "      <th>1</th>\n",
       "      <td>Waffles Buttermilk Frozen Ready-To-Heat</td>\n",
       "      <td>1.50</td>\n",
       "      <td>567.0</td>\n",
       "      <td>0.264550</td>\n",
       "      <td>Bread products</td>\n",
       "      <td>0.3482</td>\n",
       "      <td>0.1441</td>\n",
       "      <td>56.7</td>\n",
       "      <td>0.001209</td>\n",
       "      <td>0.000706</td>\n",
       "      <td>273</td>\n",
       "      <td>9.22</td>\n",
       "      <td>6.58</td>\n",
       "      <td>41.05</td>\n",
       "      <td>4.30</td>\n",
       "      <td>2.2</td>\n",
       "      <td>15.0</td>\n",
       "      <td>1.898</td>\n",
       "    </tr>\n",
       "    <tr>\n",
       "      <th>2</th>\n",
       "      <td>Waffle Buttermilk Frozen Ready-To-Heat Toasted</td>\n",
       "      <td>1.50</td>\n",
       "      <td>567.0</td>\n",
       "      <td>0.264550</td>\n",
       "      <td>Bread products</td>\n",
       "      <td>0.3482</td>\n",
       "      <td>0.1441</td>\n",
       "      <td>56.7</td>\n",
       "      <td>0.001209</td>\n",
       "      <td>0.000706</td>\n",
       "      <td>309</td>\n",
       "      <td>9.49</td>\n",
       "      <td>7.42</td>\n",
       "      <td>48.39</td>\n",
       "      <td>4.41</td>\n",
       "      <td>2.6</td>\n",
       "      <td>13.0</td>\n",
       "      <td>2.275</td>\n",
       "    </tr>\n",
       "    <tr>\n",
       "      <th>3</th>\n",
       "      <td>Waffle Buttermilk Frozen Ready-To-Heat Microwaved</td>\n",
       "      <td>1.50</td>\n",
       "      <td>567.0</td>\n",
       "      <td>0.264550</td>\n",
       "      <td>Bread products</td>\n",
       "      <td>0.3482</td>\n",
       "      <td>0.1441</td>\n",
       "      <td>56.7</td>\n",
       "      <td>0.001209</td>\n",
       "      <td>0.000706</td>\n",
       "      <td>289</td>\n",
       "      <td>9.40</td>\n",
       "      <td>6.92</td>\n",
       "      <td>44.16</td>\n",
       "      <td>4.50</td>\n",
       "      <td>2.4</td>\n",
       "      <td>16.0</td>\n",
       "      <td>2.057</td>\n",
       "    </tr>\n",
       "    <tr>\n",
       "      <th>4</th>\n",
       "      <td>Waffle Plain Frozen Ready-To-Heat Microwave</td>\n",
       "      <td>1.50</td>\n",
       "      <td>567.0</td>\n",
       "      <td>0.264550</td>\n",
       "      <td>Bread products</td>\n",
       "      <td>0.3482</td>\n",
       "      <td>0.1441</td>\n",
       "      <td>56.7</td>\n",
       "      <td>0.001209</td>\n",
       "      <td>0.000706</td>\n",
       "      <td>298</td>\n",
       "      <td>9.91</td>\n",
       "      <td>6.71</td>\n",
       "      <td>45.41</td>\n",
       "      <td>5.04</td>\n",
       "      <td>2.4</td>\n",
       "      <td>16.0</td>\n",
       "      <td>1.580</td>\n",
       "    </tr>\n",
       "    <tr>\n",
       "      <th>...</th>\n",
       "      <td>...</td>\n",
       "      <td>...</td>\n",
       "      <td>...</td>\n",
       "      <td>...</td>\n",
       "      <td>...</td>\n",
       "      <td>...</td>\n",
       "      <td>...</td>\n",
       "      <td>...</td>\n",
       "      <td>...</td>\n",
       "      <td>...</td>\n",
       "      <td>...</td>\n",
       "      <td>...</td>\n",
       "      <td>...</td>\n",
       "      <td>...</td>\n",
       "      <td>...</td>\n",
       "      <td>...</td>\n",
       "      <td>...</td>\n",
       "      <td>...</td>\n",
       "    </tr>\n",
       "    <tr>\n",
       "      <th>1218</th>\n",
       "      <td>Plantain Fried</td>\n",
       "      <td>0.90</td>\n",
       "      <td>85.0</td>\n",
       "      <td>1.058824</td>\n",
       "      <td>Other vegetables</td>\n",
       "      <td>0.0310</td>\n",
       "      <td>0.0455</td>\n",
       "      <td>8.3</td>\n",
       "      <td>0.000531</td>\n",
       "      <td>0.000186</td>\n",
       "      <td>241</td>\n",
       "      <td>10.16</td>\n",
       "      <td>1.66</td>\n",
       "      <td>40.60</td>\n",
       "      <td>19.10</td>\n",
       "      <td>2.9</td>\n",
       "      <td>0.0</td>\n",
       "      <td>1.507</td>\n",
       "    </tr>\n",
       "    <tr>\n",
       "      <th>1219</th>\n",
       "      <td>Romaine Lettuce Raw</td>\n",
       "      <td>1.00</td>\n",
       "      <td>400.0</td>\n",
       "      <td>0.250000</td>\n",
       "      <td>Other vegetables</td>\n",
       "      <td>0.0310</td>\n",
       "      <td>0.0455</td>\n",
       "      <td>8.3</td>\n",
       "      <td>0.000531</td>\n",
       "      <td>0.000186</td>\n",
       "      <td>19</td>\n",
       "      <td>0.27</td>\n",
       "      <td>1.39</td>\n",
       "      <td>3.78</td>\n",
       "      <td>0.71</td>\n",
       "      <td>3.1</td>\n",
       "      <td>0.0</td>\n",
       "      <td>0.053</td>\n",
       "    </tr>\n",
       "    <tr>\n",
       "      <th>1220</th>\n",
       "      <td>Palak Paneer</td>\n",
       "      <td>3.75</td>\n",
       "      <td>500.0</td>\n",
       "      <td>0.750000</td>\n",
       "      <td>Cheese</td>\n",
       "      <td>8.0642</td>\n",
       "      <td>2.1240</td>\n",
       "      <td>473.5</td>\n",
       "      <td>0.014894</td>\n",
       "      <td>0.008875</td>\n",
       "      <td>96</td>\n",
       "      <td>6.84</td>\n",
       "      <td>5.23</td>\n",
       "      <td>4.32</td>\n",
       "      <td>1.89</td>\n",
       "      <td>1.2</td>\n",
       "      <td>7.0</td>\n",
       "      <td>1.486</td>\n",
       "    </tr>\n",
       "    <tr>\n",
       "      <th>1221</th>\n",
       "      <td>Carrots Raw Salad</td>\n",
       "      <td>0.41</td>\n",
       "      <td>1000.0</td>\n",
       "      <td>0.041000</td>\n",
       "      <td>Other vegetables</td>\n",
       "      <td>0.0310</td>\n",
       "      <td>0.0455</td>\n",
       "      <td>8.3</td>\n",
       "      <td>0.000531</td>\n",
       "      <td>0.000186</td>\n",
       "      <td>208</td>\n",
       "      <td>15.70</td>\n",
       "      <td>1.22</td>\n",
       "      <td>17.17</td>\n",
       "      <td>11.23</td>\n",
       "      <td>2.3</td>\n",
       "      <td>9.0</td>\n",
       "      <td>2.452</td>\n",
       "    </tr>\n",
       "    <tr>\n",
       "      <th>1222</th>\n",
       "      <td>Corn on the cob</td>\n",
       "      <td>1.50</td>\n",
       "      <td>875.0</td>\n",
       "      <td>0.171429</td>\n",
       "      <td>Other vegetables</td>\n",
       "      <td>0.0310</td>\n",
       "      <td>0.0455</td>\n",
       "      <td>8.3</td>\n",
       "      <td>0.000531</td>\n",
       "      <td>0.000186</td>\n",
       "      <td>67</td>\n",
       "      <td>1.22</td>\n",
       "      <td>2.28</td>\n",
       "      <td>14.30</td>\n",
       "      <td>4.43</td>\n",
       "      <td>2.0</td>\n",
       "      <td>0.0</td>\n",
       "      <td>0.244</td>\n",
       "    </tr>\n",
       "  </tbody>\n",
       "</table>\n",
       "<p>1189 rows × 18 columns</p>\n",
       "</div>"
      ],
      "text/plain": [
       "                                                   name  Price (£)  \\\n",
       "0     Pillsbury Cinnamon Rolls With Icing Refrigerat...       1.70   \n",
       "1               Waffles Buttermilk Frozen Ready-To-Heat       1.50   \n",
       "2        Waffle Buttermilk Frozen Ready-To-Heat Toasted       1.50   \n",
       "3     Waffle Buttermilk Frozen Ready-To-Heat Microwaved       1.50   \n",
       "4           Waffle Plain Frozen Ready-To-Heat Microwave       1.50   \n",
       "...                                                 ...        ...   \n",
       "1218                                    Plantain Fried        0.90   \n",
       "1219                                Romaine Lettuce Raw       1.00   \n",
       "1220                                       Palak Paneer       3.75   \n",
       "1221                                  Carrots Raw Salad       0.41   \n",
       "1222                                   Corn on the cob        1.50   \n",
       "\n",
       "      Weight (GRAMS)  Price per Weight (£/100Gram)       Carbon Group  \\\n",
       "0              260.0                      0.653846    Bread products    \n",
       "1              567.0                      0.264550    Bread products    \n",
       "2              567.0                      0.264550    Bread products    \n",
       "3              567.0                      0.264550    Bread products    \n",
       "4              567.0                      0.264550    Bread products    \n",
       "...              ...                           ...                ...   \n",
       "1218            85.0                      1.058824  Other vegetables    \n",
       "1219           400.0                      0.250000  Other vegetables    \n",
       "1220           500.0                      0.750000            Cheese    \n",
       "1221          1000.0                      0.041000  Other vegetables    \n",
       "1222           875.0                      0.171429  Other vegetables    \n",
       "\n",
       "      Land use (m2/100g)  GHG(kgco2eq/100g)  Water use (L/100g)  \\\n",
       "0                 0.3482             0.1441                56.7   \n",
       "1                 0.3482             0.1441                56.7   \n",
       "2                 0.3482             0.1441                56.7   \n",
       "3                 0.3482             0.1441                56.7   \n",
       "4                 0.3482             0.1441                56.7   \n",
       "...                  ...                ...                 ...   \n",
       "1218              0.0310             0.0455                 8.3   \n",
       "1219              0.0310             0.0455                 8.3   \n",
       "1220              8.0642             2.1240               473.5   \n",
       "1221              0.0310             0.0455                 8.3   \n",
       "1222              0.0310             0.0455                 8.3   \n",
       "\n",
       "      Acidifying emissions(kgSO2eq/100g)  \\\n",
       "0                               0.001209   \n",
       "1                               0.001209   \n",
       "2                               0.001209   \n",
       "3                               0.001209   \n",
       "4                               0.001209   \n",
       "...                                  ...   \n",
       "1218                            0.000531   \n",
       "1219                            0.000531   \n",
       "1220                            0.014894   \n",
       "1221                            0.000531   \n",
       "1222                            0.000531   \n",
       "\n",
       "      Eutr emissions  (kg PO43-eq per 100g)  Calories  Fat (g)  Protein (g)  \\\n",
       "0                                  0.000706       330    11.27         4.34   \n",
       "1                                  0.000706       273     9.22         6.58   \n",
       "2                                  0.000706       309     9.49         7.42   \n",
       "3                                  0.000706       289     9.40         6.92   \n",
       "4                                  0.000706       298     9.91         6.71   \n",
       "...                                     ...       ...      ...          ...   \n",
       "1218                               0.000186       241    10.16         1.66   \n",
       "1219                               0.000186        19     0.27         1.39   \n",
       "1220                               0.008875        96     6.84         5.23   \n",
       "1221                               0.000186       208    15.70         1.22   \n",
       "1222                               0.000186        67     1.22         2.28   \n",
       "\n",
       "      Carbohydrate (g)  Sugars (g)  Fiber (g)  Cholesterol (mg)  \\\n",
       "0                53.42       21.34        1.4               0.0   \n",
       "1                41.05        4.30        2.2              15.0   \n",
       "2                48.39        4.41        2.6              13.0   \n",
       "3                44.16        4.50        2.4              16.0   \n",
       "4                45.41        5.04        2.4              16.0   \n",
       "...                ...         ...        ...               ...   \n",
       "1218             40.60       19.10        2.9               0.0   \n",
       "1219              3.78        0.71        3.1               0.0   \n",
       "1220              4.32        1.89        1.2               7.0   \n",
       "1221             17.17       11.23        2.3               9.0   \n",
       "1222             14.30        4.43        2.0               0.0   \n",
       "\n",
       "      Saturated Fats (g)  \n",
       "0                  3.250  \n",
       "1                  1.898  \n",
       "2                  2.275  \n",
       "3                  2.057  \n",
       "4                  1.580  \n",
       "...                  ...  \n",
       "1218               1.507  \n",
       "1219               0.053  \n",
       "1220               1.486  \n",
       "1221               2.452  \n",
       "1222               0.244  \n",
       "\n",
       "[1189 rows x 18 columns]"
      ]
     },
     "execution_count": 66,
     "metadata": {},
     "output_type": "execute_result"
    }
   ],
   "source": [
    "nutrition = nutrition.dropna() # dropping NaN values. This ensures random forests can accept data. \n",
    "nutrition"
   ]
  },
  {
   "cell_type": "code",
   "execution_count": 67,
   "metadata": {},
   "outputs": [
    {
     "data": {
      "text/plain": [
       "name                                      object\n",
       "Price (£)                                float64\n",
       "Weight (GRAMS)                           float64\n",
       "Price per Weight (£/100Gram)             float64\n",
       "Carbon Group                              object\n",
       "Land use (m2/100g)                       float64\n",
       "GHG(kgco2eq/100g)                        float64\n",
       "Water use (L/100g)                       float64\n",
       "Acidifying emissions(kgSO2eq/100g)       float64\n",
       "Eutr emissions  (kg PO43-eq per 100g)    float64\n",
       "Calories                                   int64\n",
       "Fat (g)                                  float64\n",
       "Protein (g)                              float64\n",
       "Carbohydrate (g)                         float64\n",
       "Sugars (g)                               float64\n",
       "Fiber (g)                                float64\n",
       "Cholesterol (mg)                         float64\n",
       "Saturated Fats (g)                       float64\n",
       "dtype: object"
      ]
     },
     "execution_count": 67,
     "metadata": {},
     "output_type": "execute_result"
    }
   ],
   "source": [
    "nutrition.dtypes # checking types of data"
   ]
  },
  {
   "cell_type": "code",
   "execution_count": 70,
   "metadata": {},
   "outputs": [
    {
     "data": {
      "text/html": [
       "<div>\n",
       "<style scoped>\n",
       "    .dataframe tbody tr th:only-of-type {\n",
       "        vertical-align: middle;\n",
       "    }\n",
       "\n",
       "    .dataframe tbody tr th {\n",
       "        vertical-align: top;\n",
       "    }\n",
       "\n",
       "    .dataframe thead th {\n",
       "        text-align: right;\n",
       "    }\n",
       "</style>\n",
       "<table border=\"1\" class=\"dataframe\">\n",
       "  <thead>\n",
       "    <tr style=\"text-align: right;\">\n",
       "      <th></th>\n",
       "      <th>Calories</th>\n",
       "      <th>Fat (g)</th>\n",
       "      <th>Protein (g)</th>\n",
       "      <th>Carbohydrate (g)</th>\n",
       "      <th>Sugars (g)</th>\n",
       "      <th>Fiber (g)</th>\n",
       "      <th>Cholesterol (mg)</th>\n",
       "      <th>Saturated Fats (g)</th>\n",
       "    </tr>\n",
       "  </thead>\n",
       "  <tbody>\n",
       "    <tr>\n",
       "      <th>0</th>\n",
       "      <td>330.0</td>\n",
       "      <td>11.27</td>\n",
       "      <td>4.34</td>\n",
       "      <td>53.42</td>\n",
       "      <td>21.34</td>\n",
       "      <td>1.4</td>\n",
       "      <td>0.0</td>\n",
       "      <td>3.250</td>\n",
       "    </tr>\n",
       "    <tr>\n",
       "      <th>1</th>\n",
       "      <td>273.0</td>\n",
       "      <td>9.22</td>\n",
       "      <td>6.58</td>\n",
       "      <td>41.05</td>\n",
       "      <td>4.30</td>\n",
       "      <td>2.2</td>\n",
       "      <td>15.0</td>\n",
       "      <td>1.898</td>\n",
       "    </tr>\n",
       "    <tr>\n",
       "      <th>2</th>\n",
       "      <td>309.0</td>\n",
       "      <td>9.49</td>\n",
       "      <td>7.42</td>\n",
       "      <td>48.39</td>\n",
       "      <td>4.41</td>\n",
       "      <td>2.6</td>\n",
       "      <td>13.0</td>\n",
       "      <td>2.275</td>\n",
       "    </tr>\n",
       "    <tr>\n",
       "      <th>3</th>\n",
       "      <td>289.0</td>\n",
       "      <td>9.40</td>\n",
       "      <td>6.92</td>\n",
       "      <td>44.16</td>\n",
       "      <td>4.50</td>\n",
       "      <td>2.4</td>\n",
       "      <td>16.0</td>\n",
       "      <td>2.057</td>\n",
       "    </tr>\n",
       "    <tr>\n",
       "      <th>4</th>\n",
       "      <td>298.0</td>\n",
       "      <td>9.91</td>\n",
       "      <td>6.71</td>\n",
       "      <td>45.41</td>\n",
       "      <td>5.04</td>\n",
       "      <td>2.4</td>\n",
       "      <td>16.0</td>\n",
       "      <td>1.580</td>\n",
       "    </tr>\n",
       "    <tr>\n",
       "      <th>...</th>\n",
       "      <td>...</td>\n",
       "      <td>...</td>\n",
       "      <td>...</td>\n",
       "      <td>...</td>\n",
       "      <td>...</td>\n",
       "      <td>...</td>\n",
       "      <td>...</td>\n",
       "      <td>...</td>\n",
       "    </tr>\n",
       "    <tr>\n",
       "      <th>1218</th>\n",
       "      <td>241.0</td>\n",
       "      <td>10.16</td>\n",
       "      <td>1.66</td>\n",
       "      <td>40.60</td>\n",
       "      <td>19.10</td>\n",
       "      <td>2.9</td>\n",
       "      <td>0.0</td>\n",
       "      <td>1.507</td>\n",
       "    </tr>\n",
       "    <tr>\n",
       "      <th>1219</th>\n",
       "      <td>19.0</td>\n",
       "      <td>0.27</td>\n",
       "      <td>1.39</td>\n",
       "      <td>3.78</td>\n",
       "      <td>0.71</td>\n",
       "      <td>3.1</td>\n",
       "      <td>0.0</td>\n",
       "      <td>0.053</td>\n",
       "    </tr>\n",
       "    <tr>\n",
       "      <th>1220</th>\n",
       "      <td>96.0</td>\n",
       "      <td>6.84</td>\n",
       "      <td>5.23</td>\n",
       "      <td>4.32</td>\n",
       "      <td>1.89</td>\n",
       "      <td>1.2</td>\n",
       "      <td>7.0</td>\n",
       "      <td>1.486</td>\n",
       "    </tr>\n",
       "    <tr>\n",
       "      <th>1221</th>\n",
       "      <td>208.0</td>\n",
       "      <td>15.70</td>\n",
       "      <td>1.22</td>\n",
       "      <td>17.17</td>\n",
       "      <td>11.23</td>\n",
       "      <td>2.3</td>\n",
       "      <td>9.0</td>\n",
       "      <td>2.452</td>\n",
       "    </tr>\n",
       "    <tr>\n",
       "      <th>1222</th>\n",
       "      <td>67.0</td>\n",
       "      <td>1.22</td>\n",
       "      <td>2.28</td>\n",
       "      <td>14.30</td>\n",
       "      <td>4.43</td>\n",
       "      <td>2.0</td>\n",
       "      <td>0.0</td>\n",
       "      <td>0.244</td>\n",
       "    </tr>\n",
       "  </tbody>\n",
       "</table>\n",
       "<p>1189 rows × 8 columns</p>\n",
       "</div>"
      ],
      "text/plain": [
       "      Calories  Fat (g)  Protein (g)  Carbohydrate (g)  Sugars (g)  Fiber (g)  \\\n",
       "0        330.0    11.27         4.34             53.42       21.34        1.4   \n",
       "1        273.0     9.22         6.58             41.05        4.30        2.2   \n",
       "2        309.0     9.49         7.42             48.39        4.41        2.6   \n",
       "3        289.0     9.40         6.92             44.16        4.50        2.4   \n",
       "4        298.0     9.91         6.71             45.41        5.04        2.4   \n",
       "...        ...      ...          ...               ...         ...        ...   \n",
       "1218     241.0    10.16         1.66             40.60       19.10        2.9   \n",
       "1219      19.0     0.27         1.39              3.78        0.71        3.1   \n",
       "1220      96.0     6.84         5.23              4.32        1.89        1.2   \n",
       "1221     208.0    15.70         1.22             17.17       11.23        2.3   \n",
       "1222      67.0     1.22         2.28             14.30        4.43        2.0   \n",
       "\n",
       "      Cholesterol (mg)  Saturated Fats (g)  \n",
       "0                  0.0               3.250  \n",
       "1                 15.0               1.898  \n",
       "2                 13.0               2.275  \n",
       "3                 16.0               2.057  \n",
       "4                 16.0               1.580  \n",
       "...                ...                 ...  \n",
       "1218               0.0               1.507  \n",
       "1219               0.0               0.053  \n",
       "1220               7.0               1.486  \n",
       "1221               9.0               2.452  \n",
       "1222               0.0               0.244  \n",
       "\n",
       "[1189 rows x 8 columns]"
      ]
     },
     "execution_count": 70,
     "metadata": {},
     "output_type": "execute_result"
    }
   ],
   "source": [
    "X = nutrition.iloc[:, 10:].astype('float64').dropna() \n",
    "# pulling out the features data\n",
    "X"
   ]
  },
  {
   "cell_type": "code",
   "execution_count": 71,
   "metadata": {},
   "outputs": [
    {
     "data": {
      "text/html": [
       "<div>\n",
       "<style scoped>\n",
       "    .dataframe tbody tr th:only-of-type {\n",
       "        vertical-align: middle;\n",
       "    }\n",
       "\n",
       "    .dataframe tbody tr th {\n",
       "        vertical-align: top;\n",
       "    }\n",
       "\n",
       "    .dataframe thead th {\n",
       "        text-align: right;\n",
       "    }\n",
       "</style>\n",
       "<table border=\"1\" class=\"dataframe\">\n",
       "  <thead>\n",
       "    <tr style=\"text-align: right;\">\n",
       "      <th></th>\n",
       "      <th>Price per Weight (£/100Gram)</th>\n",
       "    </tr>\n",
       "  </thead>\n",
       "  <tbody>\n",
       "    <tr>\n",
       "      <th>0</th>\n",
       "      <td>0.653846</td>\n",
       "    </tr>\n",
       "    <tr>\n",
       "      <th>1</th>\n",
       "      <td>0.264550</td>\n",
       "    </tr>\n",
       "    <tr>\n",
       "      <th>2</th>\n",
       "      <td>0.264550</td>\n",
       "    </tr>\n",
       "    <tr>\n",
       "      <th>3</th>\n",
       "      <td>0.264550</td>\n",
       "    </tr>\n",
       "    <tr>\n",
       "      <th>4</th>\n",
       "      <td>0.264550</td>\n",
       "    </tr>\n",
       "    <tr>\n",
       "      <th>...</th>\n",
       "      <td>...</td>\n",
       "    </tr>\n",
       "    <tr>\n",
       "      <th>1218</th>\n",
       "      <td>1.058824</td>\n",
       "    </tr>\n",
       "    <tr>\n",
       "      <th>1219</th>\n",
       "      <td>0.250000</td>\n",
       "    </tr>\n",
       "    <tr>\n",
       "      <th>1220</th>\n",
       "      <td>0.750000</td>\n",
       "    </tr>\n",
       "    <tr>\n",
       "      <th>1221</th>\n",
       "      <td>0.041000</td>\n",
       "    </tr>\n",
       "    <tr>\n",
       "      <th>1222</th>\n",
       "      <td>0.171429</td>\n",
       "    </tr>\n",
       "  </tbody>\n",
       "</table>\n",
       "<p>1189 rows × 1 columns</p>\n",
       "</div>"
      ],
      "text/plain": [
       "      Price per Weight (£/100Gram)\n",
       "0                         0.653846\n",
       "1                         0.264550\n",
       "2                         0.264550\n",
       "3                         0.264550\n",
       "4                         0.264550\n",
       "...                            ...\n",
       "1218                      1.058824\n",
       "1219                      0.250000\n",
       "1220                      0.750000\n",
       "1221                      0.041000\n",
       "1222                      0.171429\n",
       "\n",
       "[1189 rows x 1 columns]"
      ]
     },
     "execution_count": 71,
     "metadata": {},
     "output_type": "execute_result"
    }
   ],
   "source": [
    "y = nutrition.iloc[:, 3:4].astype('float64').dropna()\n",
    "# pulling out the price data\n",
    "y"
   ]
  },
  {
   "cell_type": "code",
   "execution_count": 97,
   "metadata": {},
   "outputs": [],
   "source": [
    "from sklearn.model_selection import train_test_split\n",
    "X_train, X_test, y_train, y_test = train_test_split(X,y,test_size=0.2)\n",
    "# splitting the data into train and test data. \n",
    "#size =0.2 means 80% data is training data, 20% testing"
   ]
  },
  {
   "cell_type": "code",
   "execution_count": null,
   "metadata": {},
   "outputs": [],
   "source": []
  },
  {
   "cell_type": "code",
   "execution_count": 95,
   "metadata": {},
   "outputs": [
    {
     "name": "stderr",
     "output_type": "stream",
     "text": [
      "<ipython-input-95-d7fb858275f2>:3: DataConversionWarning: A column-vector y was passed when a 1d array was expected. Please change the shape of y to (n_samples,), for example using ravel().\n",
      "  model.fit(X_train, y_train)\n"
     ]
    }
   ],
   "source": [
    "#implementing the random forest here\n",
    "\n",
    "from sklearn.ensemble import RandomForestRegressor\n",
    "model = RandomForestRegressor(n_estimators=40, random_state=0)\n",
    "model.fit(X_train, y_train)\n",
    "y_pred = model.predict(X_test)"
   ]
  },
  {
   "cell_type": "code",
   "execution_count": 96,
   "metadata": {},
   "outputs": [
    {
     "name": "stdout",
     "output_type": "stream",
     "text": [
      "Mean Absolute Error: 0.5954041236410192\n",
      "Mean Squared Error: 2.048635646468159\n",
      "Root Mean Squared Error: 1.4313055741064376\n"
     ]
    }
   ],
   "source": [
    "# checking the outputs \n",
    "from sklearn import metrics\n",
    "\n",
    "print('Mean Absolute Error:', metrics.mean_absolute_error(y_test, y_pred))\n",
    "print('Mean Squared Error:', metrics.mean_squared_error(y_test, y_pred))\n",
    "print('Root Mean Squared Error:', np.sqrt(metrics.mean_squared_error(y_test, y_pred)))"
   ]
  },
  {
   "cell_type": "code",
   "execution_count": null,
   "metadata": {},
   "outputs": [],
   "source": []
  }
 ],
 "metadata": {
  "kernelspec": {
   "display_name": "Python 3",
   "language": "python",
   "name": "python3"
  },
  "language_info": {
   "codemirror_mode": {
    "name": "ipython",
    "version": 3
   },
   "file_extension": ".py",
   "mimetype": "text/x-python",
   "name": "python",
   "nbconvert_exporter": "python",
   "pygments_lexer": "ipython3",
   "version": "3.8.5"
  }
 },
 "nbformat": 4,
 "nbformat_minor": 4
}
